Question,Response
Plus d'informations sur cet thé ventre plat express?,Thé Ventre Plat Express - Élimine les graisses abdominales tenaces - Détoxifie naturellement votre organisme - Perdez jusqu'à 8 cm de tour de taille - Retrouvez une sensation de légèreté Prix : 5.000F ! 
Puis -je avoir plus d'information sur les comprimés ventre ?,Comprimés Ventre Plat - Effet coupe-faim puissant - Réduction des ballonnements - Lutte contre l'effet yoyo - Brûle les graisses intestinales tenaces Prix : 5.000F 
Puis -je avoir plus d'information sur le trio minceur express ?,"Notre trio minceur est composé : - thé corps express - thé vente plat - gélule ventre plat Ce trio vous permet de perdre jusqu’à 9kg entre 20 à 25 jours et aussi 10cm de tour de taille Il se manifeste par: - les urines, - Facilitation de la digestion - Transpiration Ce sont des produits purement naturels et sans effets secondaires. -15.000fcfa "
vous livrer ?,"Oui, nous livrons à yaoundé et douala "
Vous êtes à quel niveau ?,"Yaoundé, Odza petit marché "
Prix discutable,Nos prix ne sont malheureusement pas discutable 
Comment vous contacter ?,"657591738, nous sommes aussi disponible sur whatsapp "
Combien de sachets dans le thé ventre ?,20 sachets  
Plus d'informations sur cet thé ventre plat express?,Thé Ventre Plat Express - Élimine les graisses abdominales tenaces - Détoxifie naturellement votre organisme - Perdez jusqu'à 8 cm de tour de taille - Retrouvez une sensation de légèreté Prix : 5.000F ! 
Puis -je avoir plus d'information sur les comprimés ventre ?,Comprimés Ventre Plat - Effet coupe-faim puissant - Réduction des ballonnements - Lutte contre l'effet yoyo - Brûle les graisses intestinales tenaces Prix : 5.000F 
Puis -je avoir plus d'information sur le trio minceur express ?,"Notre trio minceur est composé : - thé corps express - thé vente plat - gélule ventre plat Ce trio vous permet de perdre jusqu’à 9kg entre 20 à 25 jours et aussi 10cm de tour de taille Il se manifeste par: - les urines, - Facilitation de la digestion - Transpiration  Ce sont des produits purement naturels et sans effets secondaires. -15.000fcfa "
vous livrer ?,"Oui, nous livrons à yaoundé et douala "
Vous êtes à quel niveau ?,"Yaoundé, Odza petit marché "
Prix discutable,Nos prix ne sont malheureusement pas discutable 
Comment vous contacter ?,"657591738, nous sommes aussi disponible sur whatsapp "
Combien de sachets dans le thé corps ?,20 sachets 
Combien de gélules dans la boite ?,25 gélules
Résultats visible à partir de combien de temps ?,Les premiers résultats se font ressentir à partir du 8e jour  
Comment se faire livrer ?,Pour vous livrer nous avons besoin de : - Votre lieu de livraison - Votre numéro de téléphone - Jour de livraison 
Prix thé ventre plat,5000F 
Prix thé corps,7000F 
Prix comprimés ventre,5000F 
Prix trio minceur (les 3),15000F 
Plus d’informations sur le thé corps express,Thé Corps Express - Coupe-faim naturel - Détoxification intense - Brûleur de graisse puissant - Sensation de légèreté et de bien-être - Jusqu'à 6kg en 20 jours ! Prix : 6.000F 
Les produits sont-ils naturels ?,"Nos produits sont 100% naturels, élaborés à partir d'épices, racines et de plantes. Il favorise la digestion et vous font uriner e. "
Les produits sont-ils efficaces ?,"Pour l’efficacité nous ne doutons pas, Nous sommes sur le marché depuis fin 2018, donc en terme de clients satisfaits nous en avons vraiment "
Quels sont les effets secondaires ?,Nos produits sont des produits naturels issus de plantes et racines. Ils sont sans effets secondaires 
Quels sont les interdits ?,"Interdits - Jus gazeux - Yaourt - Bières au mais - friandises (croquette, caramel et autres) - grignotage - Pas de répas lourds après 17h "
Posologie Gélules ventre,Matin (à jeûne) :  Prendre un comprimé avec de l'eau ou un thé. Attendre 3 à 4 heures avant de prendre votre premier repas. Il est recommandé de ne pas consommer de repas lourd à ce moment-là. Soir : Prendre votre dernier repas au plus tard à 20h. Suivez attentivement ces instructions pour une utilisation efficace et bénéfique des gélules ventre plat. 
Une femme qui allaite peut prendre ?,Seulement à partir du 6e mois  
